{"cameraMode":{"drawMode":0,"name":"Shaded","section":"Shading Mode"},"sceneLighting":true,"audioPlay":false,"sceneViewState":{"showFog":true,"showMaterialUpdate":false,"showSkybox":true,"showFlares":true,"showImageEffects":true,"showParticleSystems":true},"in2DMode":false,"pivot":{"x":21.657779693603517,"y":-7.043371200561523,"z":8.583040237426758},"rotation":{"x":0.22080613672733308,"y":0.6742838621139526,"z":-0.2222895324230194,"w":0.6690516471862793},"size":1.7660253047943116,"orthographic":false}